Resourses_ID,BGM,Voice,SFX,Illustration,Toast
스토리출약자,,,,,
string,string,string,string,string,string
Story_0000,,,,,
Story_0004,,,,,
Story_0006,,,,,
Story_0008,,,,,
Story_0010,,,,,
Story_0012,,,,,
Story_0015,,,,,
Story_0016,,,,,
Story_0018,,,,,
Story_0021,,,,,
Story_0023,,,,,
Story_0026,,,,,
Story_0027,,,,,
Story_0029,,,,,
Story_0031,,,,,
Story_0032,,,,,
Story_0034,,,,,
Story_0036,,,,,
Story_0038,,,,,
Story_0040,,,,,
Story_0042,,,,,
Story_0044,,,,,
Story_0047,,,,,
Story_0049,,,,,
Story_0051,,,,,
Story_0053,,,,,
Story_0055,,,,,
Story_0057,,,,,
Story_0060,,,,,
Story_0062,,,,,
Story_0064,,,,,
Story_0066,,,,,
Story_0068,,,,,
Story_0070,,,,,
Story_0072,,,,,
Story_0074,,,,,
Story_0076,,,,,
Story_0078,,,,,
Story_0080,,,,,
Story_0082,,,,,
Story_0084,,,,,
Story_0086,,,,,
Story_0088,,,,,
Story_0090,,,,,
Story_0091,,,,,
Story_0093,,,,,
Story_0095,,,,,
Story_0097,,,,,
Story_0099,,,,,
Story_0101,,,,,
Story_0103,,,,,
Story_0105,,,,,
Story_0107,,,,,
Story_0109,,,,,
Story_0112,,,,,
Story_0113,,,,,
Story_0115,,,,,
Story_0118,,,,,
Story_0120,,,,,
Story_0122,,,,,
Story_0124,,,,,
Story_0127,,,,,
Story_0128,,,,,
Story_0131,,,,,
Story_0134,,,,,
Story_0138,,,,,
Story_0140,,,,,
Story_0142,,,,,
Story_0145,,,,,
Story_0146,,,,,
Story_0148,,,,,
Story_0150,,,,,
Story_0151,,,,,
Story_0153,,,,,
Story_0156,,,,,
Story_0157,,,,,
Story_0160,,,,,
Story_0161,,,,,
Story_0163,,,,,
Story_0164,,,,,
Story_0166,,,,,
Story_0170,,,,,
Story_0172,,,,,
Story_0174,,,,,
Story_0176,,,,,
Story_0179,,,,,
Story_0180,,,,,
Story_0183,,,,,
Story_0184,,,,,
Story_0187,,,,,
Story_0189,,,,,
Story_0191,,,,,
Story_0195,,,,,
Story_0197,,,,,
Story_0200,,,,,
Story_0202,,,,,
Story_0205,,,,,
Story_0207,,,,,
Story_0209,,,,,
Story_0211,,,,,
Story_0213,,,,,
Story_0216,,,,,
Story_0218,,,,,
Story_0221,,,,,
Story_0222,,,,,
Story_0224,,,,,
Story_0228,,,,,
Story_0230,,,,,
Story_0231,,,,,
Story_0234,,,,,
Story_0236,,,,,
Story_0238,,,,,
Story_0240,,,,,
Story_0241,,,,,
Story_0243,,,,,
Story_0244,,,,,
Story_0246,,,,,
Story_0248,,,,,
Story_0250,,,,,
Story_0252,,,,,
Story_0254,,,,,
Story_0257,,,,,
Story_0259,,,,,
Story_0261,,,,,
Story_0262,,,,,
Story_0264,,,,,
Story_0267,,,,,
Story_0269,,,,,
Story_0271,,,,,
Story_0273,,,,,
Story_0275,,,,,
Story_0278,,,,,
Story_0280,,,,,
Story_0281,,,,,
Story_0283,,,,,
Story_0285,,,,,
Story_0287,,,,,
Story_0289,,,,,
Story_0291,,,,,
Story_0293,,,,,
Story_0296,,,,,
Story_0297,,,,,
Story_0299,,,,,
Story_0301,,,,,
Story_0303,,,,,
Story_0306,,,,,
Story_0307,,,,,
Story_0309,,,,,
Story_0312,,,,,
Story_0313,,,,,
Story_0315,,,,,
Story_0317,,,,,
Story_0320,,,,,
Story_0322,,,,,
Story_0324,,,,,
Story_0326,,,,,
Story_0328,,,,,
Story_0330,,,,,
Story_0333,,,,,
Story_0335,,,,,
Story_0337,,,,,
Story_0339,,,,,
Story_0341,,,,,
Story_0342,,,,,
Story_0344,,,,,
Story_0346,,,,,
Story_0348,,,,,
Story_0351,,,,,
Story_0353,,,,,
Story_0355,,,,,
Story_0359,,,,,
Story_0361,,,,,
Story_0363,,,,,
Story_0365,,,,,
Story_0367,,,,,
Story_0368,,,,,
Story_0370,,,,,
Story_0372,,,,,
Story_0375,,,,,
Story_0378,,,,,
Story_0380,,,,,
Story_0381,,,,,
Story_0383,,,,,
Story_0385,,,,,
Story_0389,,,,,
Story_0391,,,,,
Story_0394,,,,,
Story_0395,,,,,
Story_0397,,,,,
Story_0400,,,,,
Story_0401,,,,,
Story_0403,,,,,
Story_0405,,,,,
Story_0407,,,,,
Story_0408,,,,,
Story_0410,,,,,
Story_0412,,,,,
Story_0414,,,,,
Story_0416,,,,,
Story_0418,,,,,
Story_0420,,,,,
Story_0423,,,,,
Story_0426,,,,,
Story_0429,,,,,
Story_0430,,,,,
Story_0432,,,,,
Story_0435,,,,,
Story_0437,,,,,
Story_0439,,,,,
Story_0441,,,,,
Story_0443,,,,,
Story_0445,,,,,
Story_0447,,,,,
Story_0449,,,,,
Story_0451,,,,,
Story_0453,,,,,
Story_0455,,,,,
Story_0458,,,,,
Story_0459,,,,,
Story_0461,,,,,
Story_0463,,,,,
Story_0465,,,,,
Story_0468,,,,,
Story_0469,,,,,
Story_0471,,,,,
Story_0473,,,,,
Story_0475,,,,,
Story_0479,,,,,
Story_0481,,,,,
Story_0484,,,,,
Story_0486,,,,,
Story_0487,,,,,
Story_0489,,,,,
Story_0491,,,,,
Story_0493,,,,,
Story_0495,,,,,
Story_0497,,,,,
Story_0498,,,,,
Story_0500,,,,,
Story_0502,,,,,
Story_0505,,,,,
Story_0508,,,,,
Story_0509,,,,,
Story_0512,,,,,
Story_0516,,,,,
Story_0518,,,,,
Story_0519,,,,,
Story_0521,,,,,
Story_0523,,,,,
Story_0526,,,,,
Story_0527,,,,,
Story_0529,,,,,
Story_0531,,,,,
Story_0533,,,,,
Story_0535,,,,,
Story_0537,,,,,
Story_0539,,,,,
Story_0542,,,,,
Story_0543,,,,,
Story_0545,,,,,
Story_0547,,,,,
Story_0549,,,,,
Story_0551,,,,,
Story_0554,,,,,
Story_0555,,,,,
Story_0557,,,,,
Story_0560,,,,,
Story_0563,,,,,
Story_0565,,,,,
Story_0567,,,,,
Story_0571,,,,,
Story_0573,,,,,
Story_0577,,,,,
Story_0578,,,,,
Story_0579,,,,,
Story_0581,,,,,
Story_0584,,,,,
Story_0585,,,,,
Story_0587,,,,,
Story_0588,,,,,
Story_0591,,,,,
Story_0593,,,,,
Story_0596,,,,,
Story_0598,,,,,
Story_0601,,,,,
Story_0603,,,,,
Story_0605,,,,,
Story_0607,,,,,
Story_0609,,,,,
Story_0611,,,,,
Story_0614,,,,,
Story_0617,,,,,
Story_0620,,,,,
Story_0622,,,,,
Story_0625,,,,,
Story_0626,,,,,
Story_0628,,,,,
Story_0630,,,,,
Story_0632,,,,,
Story_0635,,,,,
Story_0636,,,,,
Story_0639,,,,,
Story_0641,,,,,
Story_0643,,,,,
Story_0644,,,,,
Story_0646,,,,,
Story_0648,,,,,
Story_0650,,,,,
Story_0652,,,,,
Story_0654,,,,,
Story_0657,,,,,
Story_0658,,,,,
Story_0660,,,,,
Story_0662,,,,,
Story_0665,,,,,
Story_0666,,,,,
Story_0668,,,,,
Story_0671,,,,,
Story_0672,,,,,
Story_0675,,,,,
Story_0679,,,,,
Story_0681,,,,,
Story_0684,,,,,
Story_0686,,,,,
Story_0688,,,,,
Story_0690,,,,,
Story_0692,,,,,
Story_0694,,,,,
Story_0696,,,,,
Story_0697,,,,,
Story_0699,,,,,
Story_0701,,,,,
Story_0703,,,,,
Story_0705,,,,,